{
  "id": "antifriz-roleplay-stuff",
  "title": "AntiFriz roleplay stuff",
  "description": "Cool ideas for roleplay.",
  "version": "0.0.1",
  "authors": [
    {
      "name": "AntiFriz",
      "url": "https://github.com/Anti-Friz/antifriz-roleplay-stuff"
    }
  ],
  "compatibility": {
    "minimum": "13",
    "verified": "13"
  },
  "esmodules": [
    "dist/antifriz-roleplay-stuff.js"
  ],
  "styles": [
    "dist/antifriz-roleplay-stuff.css"
  ],
  "flags": {
    "hotReload": {
      "extensions": [ "json" ],
      "paths": [ "lang" ]
    }
  },
  "languages": [
    {
      "lang": "en",
      "name": "English",
      "path": "lang/en.json"
    }
  ],
  "socket": true,
  "url": "https://github.com/Anti-Friz/antifriz-roleplay-stuff",
  "readme": "https://github.com/Anti-Friz/antifriz-roleplay-stuff/blob/master/README.md",
  "bugs": "https://github.com/Anti-Friz/antifriz-roleplay-stuff/issues",
  "changelog": "https://github.com/Anti-Friz/antifriz-roleplay-stuff/releases/latest/",
  "manifest": "https://github.com/Anti-Friz/antifriz-roleplay-stuff/releases/latest/download/module.json",
  "download": "https://github.com/Anti-Friz/antifriz-roleplay-stuff/releases/download/0.0.0/module.zip",
  "protected": false,
  "coreTranslation": false,
  "library": false
}
